{
  "nfoFilenames" : [ "FILENAME_NFO" ],
  "posterFilenames" : [ "FILENAME_POSTER" ],
  "fanartFilenames" : [ "FILENAME_FANART" ],
  "extraFanartFilenames" : [ "FILENAME_EXTRAFANART" ],
  "bannerFilenames" : [ "FILENAME_BANNER" ],
  "clearartFilenames" : [ "FILENAME_CLEARART" ],
  "thumbFilenames" : [ "FILENAME_LANDSCAPE" ],
  "clearlogoFilenames" : [ "FILENAME_CLEARLOGO" ],
  "logoFilenames" : [ "FILENAME_LOGO" ],
  "discartFilenames" : [ "FILENAME_DISCART" ],
  "keyartFilenames" : [ "FILENAME_KEYART" ],
  "movieSetPosterFilenames" : [ "KODI_POSTER" ],
  "movieSetFanartFilenames" : [ "KODI_FANART" ],
  "movieSetBannerFilenames" : [ "KODI_BANNER" ],
  "movieSetClearartFilenames" : [ "KODI_CLEARART" ],
  "movieSetThumbFilenames" : [ "KODI_LANDSCAPE" ],
  "movieSetClearlogoFilenames" : [ "KODI_CLEARLOGO" ],
  "movieSetLogoFilenames" : [ "KODI_LOGO" ],
  "movieSetDiscartFilenames" : [ "KODI_DISCART" ],
  "trailerFilenames" : [ "FILENAME_TRAILER" ],
  "artworkScrapers" : [ "imdb" ],
  "trailerScrapers" : [ ],
  "subtitleScrapers" : [ ],
  "movieUiFilterPresets" : { },
  "movieSetUiFilterPresets" : { },
  "buildImageCacheOnImport" : false,
  "movieConnector" : "KODI",
  "certificationStyle" : "LARGE",
  "writeCleanNfo" : false,
  "nfoDateAddedField" : "DATE_ADDED",
  "nfoLanguage" : "es",
  "createOutline" : true,
  "outlineFirstSentence" : false,
  "nfoWriteSingleStudio" : false,
  "renameAfterScrape" : false,
  "ardAfterScrape" : false,
  "updateOnStart" : false,
  "renamerPathname" : "${title} ${- ,edition,} (${year})",
  "renamerFilename" : "${if movie.path = movie.path;replace(remux.csv)}no remux${else}remux${end}",
  "renamerPathnameSpaceSubstitution" : false,
  "renamerPathnameSpaceReplacement" : "_",
  "renamerColonReplacement" : "-",
  "renamerNfoCleanup" : false,
  "renamerCreateMoviesetForSingleMovie" : false,
  "renamerFirstCharacterNumberReplacement" : "#",
  "asciiReplacement" : false,
  "movieScraper" : "tmdb",
  "scraperLanguage" : "es",
  "certificationCountry" : "ES",
  "releaseDateCountry" : "ES",
  "scraperThreshold" : 0.75,
  "scraperFallback" : false,
  "scraperMetadataConfig" : [ "TITLE", "ORIGINAL_TITLE", "TAGLINE", "PLOT", "YEAR", "RELEASE_DATE", "RATING", "TOP250", "RUNTIME", "CERTIFICATION", "GENRES", "SPOKEN_LANGUAGES", "COUNTRY", "PRODUCTION_COMPANY", "TAGS", "COLLECTION", "TRAILER", "ACTORS", "PRODUCERS", "DIRECTORS", "WRITERS", "POSTER", "FANART", "BANNER", "CLEARART", "THUMB", "LOGO", "CLEARLOGO", "DISCART", "KEYART", "EXTRAFANART", "EXTRATHUMB", "TITLE", "ORIGINAL_TITLE", "TAGLINE", "PLOT", "YEAR", "RELEASE_DATE", "RATING", "TOP250", "RUNTIME", "CERTIFICATION", "GENRES", "SPOKEN_LANGUAGES", "COUNTRY", "PRODUCTION_COMPANY", "TAGS", "COLLECTION", "TRAILER", "ACTORS", "PRODUCERS", "DIRECTORS", "WRITERS", "POSTER", "FANART", "BANNER", "CLEARART", "THUMB", "LOGO", "CLEARLOGO", "DISCART", "KEYART", "EXTRAFANART", "EXTRATHUMB" ],
  "capitalWordsInTitles" : false,
  "imagePosterSize" : "LARGE",
  "imageFanartSize" : "LARGE",
  "imageExtraThumbs" : false,
  "imageExtraThumbsResize" : true,
  "imageExtraThumbsSize" : 300,
  "imageExtraThumbsCount" : 5,
  "imageExtraFanart" : false,
  "imageExtraFanartCount" : 5,
  "movieSetArtworkFolder" : "",
  "scrapeBestImage" : true,
  "scrapeBestImageMovieSet" : true,
  "imageScraperLanguage" : "es",
  "imageLanguagePriority" : true,
  "writeActorImages" : false,
  "useTrailerPreference" : true,
  "automaticTrailerDownload" : false,
  "trailerQuality" : "HD_720",
  "trailerSource" : "YOUTUBE",
  "subtitleScraperLanguage" : "en",
  "subtitleLanguageStyle" : "ISO3T",
  "subtitleWithoutLanguageTag" : false,
  "subtitleForceBestMatch" : false,
  "runtimeFromMediaInfo" : false,
  "includeExternalAudioStreams" : false,
  "syncTrakt" : false,
  "syncTraktCollection" : true,
  "syncTraktWatched" : true,
  "syncTraktRating" : true,
  "extractArtworkFromVsmeta" : false,
  "useMediainfoMetadata" : false,
  "title" : true,
  "sortableTitle" : false,
  "originalTitle" : false,
  "sortableOriginalTitle" : false,
  "sortTitle" : false,
  "showMovieTableTooltips" : true,
  "showMovieSetTableTooltips" : true,
  "displayMovieSetMissingMovies" : false,
  "ratingSources" : [ "imdb" ],
  "checkImagesMovie" : [ "POSTER", "BACKGROUND" ],
  "checkImagesMovieSet" : [ "POSTER", "BACKGROUND" ],
  "storeUiFilters" : false,
  "uiFilters" : [ ],
  "storeMovieSetUiFilters" : false,
  "movieSetUiFilters" : [ ],
  "configFilename" : "movies.json",
  "movieDataSource" : [ "/mnt/e/tmp" ],
  "skipFolder" : [ ],
  "badWord" : [ ],
  "renamerSpaceSubstitution" : false,
  "renamerSpaceReplacement" : "_"
}