{
  "artworkScrapers" : [ "tmdb", "fanarttv", "tvdb" ],
  "trailerScrapers" : [ ],
  "subtitleScrapers" : [ "opensubtitles" ],
  "nfoFilenames" : [ "TV_SHOW" ],
  "posterFilenames" : [ "POSTER", "FOLDER" ],
  "fanartFilenames" : [ ],
  "extraFanartFilenames" : [ ],
  "bannerFilenames" : [ ],
  "discartFilenames" : [ "DISCART" ],
  "clearartFilenames" : [ ],
  "thumbFilenames" : [ ],
  "clearlogoFilenames" : [ ],
  "logoFilenames" : [ ],
  "characterartFilenames" : [ ],
  "keyartFilenames" : [ ],
  "seasonPosterFilenames" : [ "SEASON_POSTER" ],
  "seasonBannerFilenames" : [ ],
  "seasonThumbFilenames" : [ ],
  "episodeNfoFilenames" : [ "FILENAME" ],
  "episodeThumbFilenames" : [ "FILENAME" ],
  "episodeCheckImages" : [ ],
  "seasonCheckImages" : [ "SEASON_POSTER" ],
  "tvShowCheckImages" : [ "POSTER" ],
  "trailerFilenames" : [ "TVSHOW_TRAILER" ],
  "uiFilterPresets" : { },
  "tvShowConnector" : "KODI",
  "certificationStyle" : "LARGE",
  "writeCleanNfo" : false,
  "nfoDateAddedField" : "DATE_ADDED",
  "nfoLanguage" : "es",
  "nfoWriteEpisodeguide" : true,
  "nfoWriteDateEnded" : false,
  "nfoWriteAllActors" : false,
  "nfoWriteSingleStudio" : false,
  "renameAfterScrape" : false,
  "ardAfterScrape" : false,
  "updateOnStart" : false,
  "renamerTvShowFoldername" : "${showTitle} (${showYear})",
  "renamerSeasonFoldername" : "Season ${seasonNr} [${if episode.mediaInfoVideoFormat='2160p'}4K${else}${videoFormat}${end} ${if episode.mediaInfoVideoCodec='h264'}x264${end}${if episode.mediaInfoVideoCodec='HEVC'}x265${end} ${episode.mediaInfoAudioCodec}]${if ! episode.mediaInfoAudioCodecList.length = '1'}${if episode.mainVideoFile.subtitles}[Dual + Subs]${else}[Dual]${end}${else}${if episode.mainVideoFile.subtitles}[Subs]${end}${end} ",
  "renamerFilename" : "${showTitle} - S${seasonNr2}E${episodeNr2} - ${title}",
  "renamerShowPathnameSpaceSubstitution" : false,
  "renamerShowPathnameSpaceReplacement" : "_",
  "renamerSeasonPathnameSpaceSubstitution" : false,
  "renamerSeasonPathnameSpaceReplacement" : "_",
  "renamerFilenameSpaceSubstitution" : false,
  "renamerFilenameSpaceReplacement" : "_",
  "renamerColonReplacement" : "-",
  "renamerFirstCharacterNumberReplacement" : "#",
  "asciiReplacement" : false,
  "specialSeason" : true,
  "scraper" : "tvdb",
  "scraperLanguage" : "es",
  "certificationCountry" : "ES",
  "releaseDateCountry" : "US",
  "tvShowScraperMetadataConfig" : [ "TITLE", "ORIGINAL_TITLE", "PLOT", "YEAR", "AIRED", "STATUS", "RATING", "RUNTIME", "CERTIFICATION", "GENRES", "COUNTRY", "STUDIO", "TAGS", "TRAILER", "SEASON_NAMES", "ACTORS", "POSTER", "FANART", "BANNER", "CLEARART", "THUMB", "LOGO", "CLEARLOGO", "DISCART", "KEYART", "CHARACTERART", "EXTRAFANART", "SEASON_POSTER", "SEASON_BANNER", "SEASON_THUMB" ],
  "episodeScraperMetadataConfig" : [ "TITLE", "ORIGINAL_TITLE", "PLOT", "AIRED_SEASON_EPISODE", "DVD_SEASON_EPISODE", "DISPLAY_SEASON_EPISODE", "AIRED", "RATING", "TAGS", "ACTORS", "PRODUCERS", "DIRECTORS", "WRITERS", "THUMB" ],
  "imageScraperLanguage" : "en",
  "imagePosterSize" : "LARGE",
  "imageFanartSize" : "LARGE",
  "scrapeBestImage" : true,
  "writeActorImages" : false,
  "imageExtraFanart" : false,
  "imageExtraFanartCount" : 5,
  "useTrailerPreference" : true,
  "automaticTrailerDownload" : false,
  "trailerQuality" : "HD_720",
  "trailerSource" : "YOUTUBE",
  "subtitleScraperLanguage" : "es",
  "subtitleLanguageStyle" : "ISO3T",
  "subtitleForceBestMatch" : false,
  "buildImageCacheOnImport" : false,
  "syncTrakt" : false,
  "syncTraktCollection" : true,
  "syncTraktWatched" : true,
  "syncTraktRating" : true,
  "dvdOrder" : false,
  "preferredRating" : "tvdb",
  "extractArtworkFromVsmeta" : false,
  "useMediainfoMetadata" : false,
  "displayMissingEpisodes" : true,
  "displayMissingSpecials" : false,
  "showTvShowTableTooltips" : true,
  "seasonArtworkFallback" : false,
  "storeUiFilters" : false,
  "uiFilters" : [ ],
  "capitalWordsInTitles" : false,
  "configFilename" : "tvShows.json",
  "tvShowDataSource" : [ "V:\\Series UHD" ],
  "skipFolder" : [ ],
  "badWord" : [ ]
}